model_id,rank,ensemble_weight,type,cost,duration
5,1,0.78,gradient_boosting,0.4683776351970669,1.3450028896331787
9,2,0.12,gradient_boosting,0.47846012832263973,1.2825908660888672
8,3,0.04,k_nearest_neighbors,0.4949587534372135,2.0096027851104736
10,4,0.06,gaussian_nb,0.4967919340054996,0.7780716419219971
