{
    "all_games_champs_only": {
        "": {
            "blue": 0.5347373517308158,
            "Accuracy": 0.55,
            "Train_Accuracy": 0.61
        },
        "PCA": {
            "blue": 0.5347373517308158,
            "Accuracy": 0.55,
            "Train_Accuracy": 0.75
        },
        "randsplit": {
            "blue": 0.5347373517308158,
            "Accuracy": 0.58,
            "Train_Accuracy": 0.85
        }
    },
    "all_games_champ_stats_only": {
        "": {
            "blue": 0.5347373517308158,
            "Accuracy": 0.54,
            "Train_Accuracy": 0.71
        },
        "randsplit": {
            "blue": 0.5347373517308158,
            "Accuracy": 0.54,
            "Train_Accuracy": 0.59
        }
    },
    "all_games_matchups": {
        "": {
            "blue": 0.5347373517308158,
            "Accuracy": 0.55,
            "Train_Accuracy": 0.64
        },
        "PCA": {
            "blue": 0.5347373517308158,
            "Accuracy": 0.55,
            "Train_Accuracy": 0.82
        },
        "randsplit": {
            "blue": 0.5347373517308158,
            "Accuracy": 0.55,
            "Train_Accuracy": 0.86
        }
    },
    "all_games_simple_v2": {
        "": {
            "blue": 0.5347373517308158,
            "Accuracy": 0.56,
            "Train_Accuracy": 0.65
        },
        "randsplit": {
            "blue": 0.5347373517308158,
            "Accuracy": 0.58,
            "Train_Accuracy": 0.75
        }
    },
    "europe_games_full": {
        "": {
            "blue": 0.5364431486880467,
            "Accuracy": 0.61,
            "Train_Accuracy": 0.64
        },
        "PCA": {
            "blue": 0.5364431486880467,
            "Accuracy": 0.52,
            "Train_Accuracy": 0.82
        },
        "PCA_30": {
            "blue": 0.5364431486880467,
            "Accuracy": 0.46,
            "Train_Accuracy": 0.89
        },
        "randsplit": {
            "blue": 0.5364431486880467,
            "Accuracy": 0.6,
            "Train_Accuracy": 0.8
        }
    },
    "europe_games_stats_only": {
        "": {
            "blue": 0.5364431486880467,
            "Accuracy": 0.52,
            "Train_Accuracy": 0.88
        },
        "randsplit": {
            "blue": 0.5364431486880467,
            "Accuracy": 0.55,
            "Train_Accuracy": 0.88
        }
    },
    "lec_games_full": {
        "": {
            "blue": 0.5614035087719298,
            "Accuracy": 0.61,
            "Train_Accuracy": 0.88
        },
        "PCA": {
            "blue": 0.5614035087719298,
            "Accuracy": 0.0,
            "Train_Accuracy": 0.0
        },
        "randsplit": {
            "blue": 0.5614035087719298,
            "Accuracy": 0.57,
            "Train_Accuracy": 0.91
        }
    }
}