model_id,rank,ensemble_weight,type,cost,duration
44,1,0.04000000000000001,lda,0.39364303178484106,138.4059989452362
34,2,0.04000000000000001,bernoulli_nb,0.4327628361858191,0.4798610210418701
56,3,0.020000000000000004,random_forest,0.44498777506112475,1.3861258029937744
31,4,0.020000000000000004,lda,0.4547677261613692,0.48979735374450684
28,5,0.04000000000000001,bernoulli_nb,0.45965770171149145,0.5119779109954834
35,6,0.8400000000000001,bernoulli_nb,0.46210268948655253,0.7918739318847656
